method,accuracy,precision,recall,f1,ari,nmi
Combined Optimal Approach (Full Dataset),0.5398406374501992,1.0,0.0021598272138228943,0.004310344827586208,0.00033558390382517456,0.0022106303765318724
